username,name,x.com url
marc_louvion,Marc Lou,https://x.com/marc_louvion
tibo_maker,Tibo,https://x.com/tibo_maker
yongfook,Jon Yongfook,https://x.com/yongfook
DanKulkov,Dan Kulkov,https://x.com/DanKulkov
nico_jeannen,Nico,https://x.com/nico_jeannen
sabbakeynejad,Sabba Keynejad,https://x.com/sabbakeynejad
arvidkahl,Arvid Kahl,https://x.com/arvidkahl
damengchen,Damon Chen,https://x.com/damengchen
thetechjason,Jason,https://x.com/thetechjason
phuctm97,Minh-Phuc Tran,https://x.com/phuctm97
ImSh4yy,Shayan,https://x.com/ImSh4yy
HollywoodHotRods,Troy Ladd,https://x.com/HollywoodHotRods
eddybuild,Eddy Xu,https://x.com/eddybuild
victor_bigfield,Victor 🧢,https://x.com/victor_bigfield
wagslane,Lane || Boot.dev,https://x.com/wagslane
10xbri,Brian,https://x.com/10xbri
leojr94_,leo,https://x.com/leojr94_
sveta_bay,Sveta Bay,https://x.com/sveta_bay
dannypostmaa,Danny Postma,https://x.com/dannypostmaa
stemonteduro,stemonte,https://x.com/stemonteduro
arthuryuzbashew,Arthur,https://x.com/arthuryuzbashew
EgorPaltov,Egor,https://x.com/EgorPaltov
CedrikStephen,Cedrik Stephen,https://x.com/CedrikStephen
alamshafil,Shafil Alam,https://x.com/alamshafil
SherryYanJiang,Sherry Jiang,https://x.com/SherryYanJiang
RobImbeault,Rob Imbeault,https://x.com/RobImbeault
dessignnet,Marios,https://x.com/dessignnet
ErnestoSOFTWARE,Ernesto Lopez,https://x.com/ErnestoSOFTWARE
bil0090,Bilal Bakr,https://x.com/bil0090
JanasSebastian,Sebastian Janas,https://x.com/JanasSebastian
akaasten,Alex Derocq,https://x.com/akaasten
CranQnow,CRANQ,https://x.com/CranQnow
abishuablessmic,Abishua Blessmic,https://x.com/abishuablessmic
vgrichina,vlad.near 🔴⚔️🛡🧙🏻‍♂️,https://x.com/vgrichina
Robert_Watkin_,Robert Watkin,https://x.com/Robert_Watkin_
besinpublic,Besim,https://x.com/besinpublic
tdinh_me,Tony Dinh 🎯,https://x.com/tdinh_me
georges_atalla,Georges Atalla,https://x.com/georges_atalla
okaytanvir,Tanvir,https://x.com/okaytanvir
pierrevalade,Pierre Valade,https://x.com/pierrevalade
ericdjav,Eric Djavid,https://x.com/ericdjav
robin_faraj,Robin Faraj,https://x.com/robin_faraj
dumay_sacha,Sacha Dumay,https://x.com/dumay_sacha
JorgeMenaDev,Jorge Mena,https://x.com/JorgeMenaDev
tamehextech,THT,https://x.com/tamehextech
AzianMike,Michael Luo,https://x.com/AzianMike
chrissyinspace,Christopher Woggon,https://x.com/chrissyinspace
_mattwelter,Matt Welter,https://x.com/_mattwelter
GradyHarwood,Grady,https://x.com/GradyHarwood
elwatto,Miguel Carranza,https://x.com/elwatto
stefano_vidmarr,Stefano Vidmar,https://x.com/stefano_vidmarr
ggabrielmmm,Gabriel M,https://x.com/ggabrielmmm
farsi_mehdi,Mehdi Farsi,https://x.com/farsi_mehdi
zeeg,David Cramer,https://x.com/zeeg
DoctorYev,Yev Marusenko, Ph.D.,https://x.com/DoctorYev
asaio87,andrei saioc,https://x.com/asaio87
ThePatrity,Patrity,https://x.com/ThePatrity
MarcKlingen,Marc Klingen,https://x.com/MarcKlingen
Iris_northdune,Iris,https://x.com/Iris_northdune
TimoBuilds_,Timo 🌱,https://x.com/TimoBuilds_
briannekimmel,Brianne Kimmel,https://x.com/briannekimmel
hthieblot,Hubert Thieblot,https://x.com/hthieblot
coyleandrew,Andrew,https://x.com/coyleandrew
kmore,Kerry Morrison,https://x.com/kmore
taka_shirasu,Taka,https://x.com/taka_shirasu
tom_antok,tom ッ,https://x.com/tom_antok
lennysan,Lenny Rachitsky,https://x.com/lennysan
joeytitanium,joey,https://x.com/joeytitanium
antonosika,Anton Osika – eu/acc,https://x.com/antonosika
nstkostya,kostya,https://x.com/nstkostya
cursor_ai,Cursor,https://x.com/cursor_ai
RousanBuilds,Rousan from CraftMVP.com,https://x.com/RousanBuilds
mntruell,Michael Truell,https://x.com/mntruell
hlopez_,Hector Lopez,https://x.com/hlopez_
marckohlbrugge,Marc Köhlbrugge,https://x.com/marckohlbrugge
DmytroKrasun,Dmytro Krasun,https://x.com/DmytroKrasun
AnthonyCastrio,Anthony Castrio,https://x.com/AnthonyCastrio
theandreboso,Andrea Bosoni,https://x.com/theandreboso
T_Zahil,Thomas Sanlis 🥐,https://x.com/T_Zahil
gouthamjay8,Goutham Jay ⚡,https://x.com/gouthamjay8
maximehugodupre,Maxime Dupré,https://x.com/maximehugodupre
adamlyttleapps,Adam Lyttle,https://x.com/adamlyttleapps
euboid,Wilson Wilson,https://x.com/euboid
_justlilian,Lilian ッ,https://x.com/_justlilian
underwoodxie96,underwood,https://x.com/underwoodxie96
bohdanbasov,Bohdan,https://x.com/bohdanbasov
zalkazemi,Zaid Al Kazemi,https://x.com/zalkazemi
oliverbytes,Oliver Martinez,https://x.com/oliverbytes
qwertyu_alex,Alex 🇩🇰,https://x.com/qwertyu_alex
iamwilliamwang,William Wang,https://x.com/iamwilliamwang
fahadaghaslan,fahad,https://x.com/fahadaghaslan